trigger,t90,fluence,brightest_nai,has_lat,n_bins,grade,preferred_model,n_bb_decisive,n_twobreak_decisive
bn081125496,9.28,1.8544e-05,na,False,8,Silver,Band+BB,5,1
bn081222204,18.88,1.1887e-05,n0,False,7,Silver,Band,3,0
bn081224887,16.448,3.7571e-05,n6,True,10,Gold,SBPL,3,0
bn090530760,157.699,6.1037e-05,n1,False,8,Silver,Band,3,0
bn090620400,13.568,1.3263e-05,n6,False,8,Silver,Band,6,0
bn090719063,11.392,4.6848e-05,n7,False,12,Gold,CPL+BB,2,0
bn090804940,5.568,1.4426e-05,n3,False,9,Silver,CPL+BB,0,0
bn090809978,11.008,2.1629e-05,n3,False,10,Gold,CPL,0,0
bn090829672,67.585,7.6637e-05,n0,False,20,Gold,Band+BB,0,0
bn091209001,42.945,1.0032e-05,n4,False,5,Silver,Band+BB,4,0
bn100122616,22.529,1.2003e-05,n6,False,10,Gold,Band,2,0
bn100130729,99.586,1.0148e-05,n0,False,4,Bronze,CPL,0,0
bn100612726,8.576,1.3631e-05,n3,False,7,Silver,CPL,2,1
bn100614498,172.291,1.9632e-05,n6,False,2,Bronze,Band+BB,2,0
bn100707032,81.793,8.772e-05,n7,False,14,Gold,SBPL,10,1
bn101126198,43.837,3.1012e-05,n6,False,10,Gold,Band+BB,5,0
bn101225377,81.218,2.0164e-05,n7,False,3,Bronze,CPL,0,0
bn110605183,82.689,1.9252e-05,n1,False,3,Bronze,Band+BB,3,0
bn110618366,163.843,6.2375e-05,n2,False,5,Silver,CPL+BB,0,0
bn110721200,21.822,3.7042e-05,n6,True,11,Gold,DSBPL,5,4
bn110920546,160.771,0.00017233,n0,False,11,Gold,Band+BB,7,2
bn110928180,148.226,1.415e-05,n0,False,4,Bronze,CPL+BB,0,0
bn111009282,20.736,1.2033e-05,n0,False,9,Silver,CPL,0,0
bn111017657,11.072,2.071e-05,n6,False,11,Gold,CPL,0,0
bn120102095,28.416,1.3408e-05,n3,False,6,Silver,SBPL,1,0
bn120119170,55.297,3.8673e-05,n9,False,12,Gold,CPL+BB,11,0
bn120130938,38.913,1.0413e-05,n0,False,3,Bronze,,0,0
bn120420858,254.913,4.3252e-05,n4,True,2,Bronze,CPL,0,0
bn120624933,271.364,0.00019164,n0,True,10,Gold,CPL,3,0
bn120905657,195.587,1.9567e-05,n6,False,3,Bronze,CPL,0,0
bn120919309,21.248,1.678e-05,n0,False,10,Gold,Band,7,0
bn130215063,143.746,1.8583e-05,n1,False,3,Bronze,SBPL,0,0
bn130310840,16.0,1.1295e-05,n9,True,6,Silver,Band+BB,2,0
bn130427324,138.242,0.002462,n6,True,65,Gold,Band+BB,38,1
bn130518580,48.577,9.4591e-05,n3,True,22,Gold,SBPL,8,1
bn131113483,60.545,2.3036e-05,n1,False,5,Silver,CPL,0,0
bn140608153,71.681,1.2302e-05,n0,False,3,Bronze,CPL,0,0
bn150202999,167.427,3.2522e-05,n0,True,19,Gold,SBPL,2,0
bn150213001,4.096,2.8758e-05,n6,False,17,Gold,SBPL,7,2
bn150306993,18.944,2.7014e-05,n4,False,9,Silver,CPL,0,0
bn150630223,22.784,1.0775e-05,n4,False,9,Silver,CPL+BB,4,0
bn150721242,18.432,1.594e-05,n6,False,8,Silver,Band,2,0
bn150902733,13.568,8.3192e-05,n0,True,19,Gold,Band+BB,7,0
bn151006413,93.44,1.2235e-05,n0,True,5,Silver,SBPL,1,1
bn151021791,7.229,1.2258e-05,n9,False,8,Silver,CPL,2,0
bn160330827,41.985,1.0294e-05,n9,False,5,Silver,SBPL,0,0
bn160625945,453.385,0.00064256,n6,True,57,Gold,Band+BB,23,5
bn160910722,24.32,7.966e-05,n0,True,19,Gold,SBPL,9,0
bn170114833,29.184,1.3898e-05,n7,False,4,Bronze,Band+BB,1,0
bn170114917,12.032,1.8164e-05,n1,False,9,Silver,CPL,0,0
bn170921168,39.361,6.564e-05,n1,True,12,Gold,CPL,6,2
bn171013350,39.425,1.559e-05,n0,False,4,Bronze,Band,0,0
bn171210493,143.107,8.0764e-05,n0,True,11,Gold,CPL+BB,3,0
bn180426549,16.189,1.0632e-05,n8,False,4,Bronze,Band,1,0
bn180427442,25.921,5.0455e-05,n4,False,12,Gold,SBPL,2,0
bn180703876,20.736,1.6251e-05,n6,True,7,Silver,SBPL,1,0
bn180720213,8.896,2.4585e-05,n3,False,12,Gold,CPL,0,0
bn180723757,19.712,4.3311e-05,n8,False,13,Gold,CPL+BB,7,0
bn180724807,58.113,2.7823e-05,na,False,7,Silver,Band,1,0
bn180728728,6.4,5.5911e-05,n3,False,26,Gold,Band+BB,6,1
bn181212693,57.601,2.027e-05,n2,False,15,Gold,CPL,2,0
bn190222537,13.312,1.5106e-05,n8,False,4,Bronze,Band,0,0
bn190401139,42.753,1.6671e-05,n6,False,8,Silver,CPL+BB,3,0
bn190726642,307.974,1.5761e-05,n9,False,7,Silver,SBPL,0,0
bn191017391,67.841,2.0525e-05,n2,False,4,Bronze,CPL,0,0
bn191125206,77.313,4.9669e-05,n0,False,7,Silver,CPL+BB,5,0
bn191129141,19.968,1.154e-05,n8,False,9,Silver,Band,0,0
bn200227306,24.32,1.1262e-05,n0,False,7,Silver,CPL+BB,1,0
bn200301320,18.176,1.0224e-05,n0,False,7,Silver,CPL+BB,2,0
bn200524211,37.761,1.3964e-05,n0,True,11,Gold,CPL,2,0
bn200607921,26.625,1.1548e-05,n6,False,5,Silver,Band,0,0
bn200826923,7.424,0.00013515,n1,False,17,Gold,SBPL,6,0
bn201016019,2.944,9.2778e-05,n3,False,21,Gold,Band,8,0
bn201104001,52.48,1.3058e-05,n3,True,6,Silver,Band,0,0
bn201105230,17.152,4.3279e-05,n1,False,9,Silver,Band+BB,3,0
bn210410037,48.128,3.1006e-05,n6,True,7,Silver,CPL,0,0
bn210524208,20.992,1.3622e-05,n9,False,17,Gold,CPL,0,0
bn210714331,42.369,3.6533e-05,na,False,15,Gold,Band,8,0
bn210723615,42.753,1.4503e-05,n3,False,3,Bronze,CPL,0,0
bn210803497,9.216,1.0593e-05,n2,False,9,Silver,CPL,0,0
bn210812699,39.873,1.0985e-05,n8,False,1,Bronze,CPL,0,0
bn211116586,19.968,1.1156e-05,n2,False,6,Silver,CPL,0,0
bn211207416,120.322,2.0117e-05,n6,False,3,Bronze,CPL,0,0
bn220525008,16.128,1.4894e-05,n0,False,7,Silver,CPL,0,0
bn221201517,28.929,1.8118e-05,n2,False,10,Gold,Band,1,0
bn221209243,4.16,3.3656e-05,n1,False,11,Gold,SBPL,3,0
bn230320884,14.592,1.0425e-05,n2,False,5,Silver,CPL,0,0
bn230405832,4.288,1.0735e-05,n7,False,6,Silver,SBPL,0,0
bn230409626,20.224,3.902e-05,n0,False,6,Silver,CPL,2,0
bn230614424,6.08,2.0123e-05,n9,False,6,Silver,SBPL,1,0
bn230802285,38.145,1.2848e-05,n2,False,4,Bronze,CPL+BB,3,0
bn230812790,3.264,0.00027987,n0,False,27,Gold,Band+BB,14,3
bn231020790,9.344,3.7536e-05,n2,False,16,Gold,CPL+BB,4,0
bn231030832,10.752,2.0996e-05,n0,False,7,Silver,SBPL,1,0
bn240204630,15.872,1.5915e-05,n9,False,8,Silver,CPL,0,0
bn240403498,35.585,3.642e-05,n0,False,15,Gold,CPL,1,0
bn240710643,8.448,1.0126e-05,n7,False,8,Silver,Band,2,0
bn241117845,64.257,1.578e-05,n3,False,2,Bronze,Band,0,0
bn241223506,30.465,6.2659e-05,n0,False,12,Gold,CPL+BB,1,0
bn250313607,298.245,8.7791e-05,n0,False,19,Gold,SBPL,3,1
bn250407659,6.272,4.5797e-05,n3,False,8,Silver,Band+BB,6,0
bn250702413,52.737,3.6011e-05,n6,False,9,Silver,Band,0,0
bn250814432,15.104,0.00059006,n2,False,3,Bronze,CPL,0,0
bn250902062,8.448,2.8585e-05,n0,False,9,Silver,SBPL,0,0
bn251016999,7.104,2.2534e-05,n0,False,10,Gold,CPL,2,0
bn260105973,11.325,1.9256e-05,n0,False,4,Bronze,CPL,0,0
