trigger,name,T90,fluence,has_lat,reference_nai,nai_dets,bgo_det,lle,n_bins,source_t1,source_t2,bkg_pre_start,bkg_pre_stop,bkg_post_start,bkg_post_stop
bn081125496,GRB081125496,9.28,1.8544e-05,False,na,na,b1,False,8,-0.27,10.74,-23.96,-19.99,50.39,130.39
bn081222204,GRB081222204,18.88,1.1887e-05,False,n0,n1|n0|n2,b0,False,7,-0.01,14.32,-30.87,-18.46,58.58,138.58
bn081224887,GRB081224887,16.45,3.7571e-05,True,n6,n0|n9|n6|n1,b1|b0,True,10,-0.14,18.29,-26.23,-19.22,51.42,131.42
bn090530760,GRB090530760,157.7,6.1037e-05,False,n5,n5,b0,False,8,0.76,100.08,-29.77,-15.0,119.0,199.0
bn090620400,GRB090620400,13.57,1.3263e-05,False,n6,n7|n6|nb|n8,b1,False,8,-0.01,13.3,-32.65,-17.94,52.7,132.7
bn090719063,GRB090719063,11.39,4.6848e-05,False,n7,n8|n7,b1,False,12,-0.14,20.47,-29.51,-16.92,52.44,132.44
bn090804940,GRB090804940,5.57,1.4426e-05,False,n3,n5|n4|n3,b0,False,9,-0.14,10.23,-31.02,-20.76,49.88,129.88
bn090809978,GRB090809978,11.01,2.1629e-05,False,n3,n4|n3|n5,b0,False,10,-1.87,14.84,-24.76,-19.48,51.16,131.16
bn090829672,GRB090829672,67.58,7.6637e-05,False,n9,n9|n6|na,b1,False,20,-7.76,145.46,-23.53,-7.45,213.46,293.46
bn091209001,GRB091209001,42.95,1.0032e-05,False,n4,n4,b0,False,5,-5.2,26.61,-30.11,-25.37,123.35,203.35
bn100122616,GRB100122616,22.53,1.2003e-05,False,n6,n9|na|n6,b1,False,10,18.8,32.82,-25.95,-3.35,84.7,164.7
bn100130729,GRB100130729,99.59,1.0148e-05,False,n3,n3|n4|n6,b0|b1,False,4,62.26,80.76,-32.28,47.72,181.72,261.72
bn100612726,GRB100612726,8.58,1.3631e-05,False,n3,n4|n8|n3,b0|b1,False,7,-0.27,14.84,-31.46,-18.71,51.67,131.67
bn100614498,GRB100614498,172.29,1.9632e-05,False,n6,n9|nb|n6|n7,b1,False,2,-14.21,2.62,-24.4,-24.4,104.92,184.92
bn100707032,GRB100707032,81.79,8.772e-05,False,n7,n8|n7,b1,False,14,-0.01,44.02,-24.41,-22.55,203.74,283.74
bn101126198,GRB101126198,43.84,3.1012e-05,False,n6,n7|nb|n8|n6,b1,False,10,-3.72,44.6,-30.51,-23.83,125.91,205.91
bn101225377,GRB101225377,81.22,2.0164e-05,False,nb,nb|n8,b1,False,3,77.24,102.0,-27.8,19.69,282.07,300.29
bn110605183,GRB110605183,82.69,1.9252e-05,False,n2,n2|n5,b0,False,3,0.12,24.37,-30.66,-29.46,209.88,289.88
bn110618366,GRB110618366,163.84,6.2375e-05,False,n2,n2,b0,False,5,-4.81,60.28,-86.81,-6.81,127.19,207.19
bn110721200,GRB110721200,21.82,3.7042e-05,True,n6,n9|n6|n7|nb,b1,True,11,-0.01,23.6,-33.97,-21.27,63.45,143.45
bn110920546,GRB110920546,160.77,0.00017233,False,n0,n6|n0|n3|n7|n1,b0|b1,False,11,1.01,106.36,-19.54,-14.49,119.51,199.51
bn110928180,GRB110928180,148.23,1.415e-05,False,n0,n3|n0|n6,b0|b1,False,4,1.4,24.76,-98.33,-18.33,115.67,195.67
bn111009282,GRB111009282,20.74,1.2033e-05,False,n0,n1|n0,b0,False,9,-0.4,18.16,-27.88,-15.9,66.01,146.01
bn111017657,GRB111017657,11.07,2.071e-05,False,n6,n7|n6|n9,b1,False,11,-2.64,16.44,-32.26,-17.18,53.46,133.46
bn120102095,GRB120102095,28.42,1.3408e-05,False,n3,n4|n5|n3,b0,False,6,-0.14,11.12,-30.08,-23.32,82.39,162.39
bn120119170,GRB120119170,55.3,3.8673e-05,False,n9,nb|n9,b1,False,12,-2.38,50.48,-32.21,-29.72,154.07,234.07
bn120130938,GRB120130938,38.91,1.0413e-05,False,n0,n9|n0|n1|na,b1|b0,False,3,-3.4,21.3,-28.11,-25.37,111.58,191.58
bn120420858,GRB120420858,254.91,4.3252e-05,True,n4,n8|n4,b1|b0,False,2,-1.16,18.04,-104.47,-24.47,109.53,189.53
bn120624933,GRB120624933,271.36,0.00019164,True,n2,n2|n1|na,b0|b1,True,10,0.05,26.23,-29.57,-15.26,118.74,198.74
bn120905657,GRB120905657,195.59,1.9567e-05,False,n9,n9|nb|na,b1,False,3,0.49,119.4,-94.49,-14.49,119.51,199.51
bn120919309,GRB120919309,21.25,1.678e-05,False,n0,n1|n5|n2|n0,b0,False,10,-0.14,13.94,-33.11,-20.76,63.45,143.45
bn130215063,GRB130215063,143.75,1.8583e-05,False,n2,n2|na,b0|b1,False,3,-0.14,25.97,-99.86,-19.86,114.14,194.14
bn130310840,GRB130310840,16.0,1.1295e-05,True,n9,na|n9|nb,b1,True,6,4.08,6.26,-91.54,-11.54,44.76,124.76
bn130427324,GRB130427324,138.24,0.002462,True,n9,n9|na|n0,b1|b0,False,65,-0.01,40.31,-98.07,-18.07,115.93,195.93
bn130518580,GRB130518580,48.58,9.4591e-05,True,n3,n3|n6|n7,b0|b1,True,22,-3.66,52.28,-83.35,-3.35,104.41,184.41
bn131113483,GRB131113483,60.55,2.3036e-05,False,n1,n2|n1,b0,False,5,5.04,45.68,-86.68,-6.68,178.14,258.14
bn140608153,GRB140608153,71.68,1.2302e-05,False,n0,n9|na|n1|n0,b1|b0,False,3,1.97,42.04,-110.49,-30.49,185.56,265.56
bn150202999,GRB150202999,167.43,3.2522e-05,True,n0,n0|n1|n6|n3,b0|b1,True,19,-3.02,19.32,-98.58,-18.58,115.42,195.42
bn150213001,GRB150213001,4.1,2.8758e-05,False,n8,n8|n7,b1,False,17,-0.01,8.82,-90.52,-10.52,27.86,107.86
bn150306993,GRB150306993,18.94,2.7014e-05,False,n4,n4,b0,False,9,-0.4,26.93,-94.62,-14.62,50.39,130.39
bn150630223,GRB150630223,22.78,1.0775e-05,False,n4,n4,b0,False,9,-0.65,22.9,-91.03,-11.03,43.99,123.99
bn150721242,GRB150721242,18.43,1.594e-05,False,n6,n7|n8|n6,b1,False,8,-0.4,27.25,-89.5,-9.5,49.88,129.88
bn150902733,GRB150902733,13.57,8.3192e-05,True,n0,n3|n0|n1,b0,True,19,-0.01,26.48,-88.22,-8.22,44.25,124.25
bn151006413,GRB151006413,93.44,1.2235e-05,True,n0,n0|n3|n1|n6,b0|b1,True,5,-0.65,31.41,-100.63,-20.63,113.37,193.37
bn151021791,GRB151021791,7.23,1.2258e-05,False,n9,na|n9,b1,False,8,-0.14,9.59,-101.53,-21.53,49.11,129.11
bn160330827,GRB160330827,41.98,1.0294e-05,False,n9,na|nb|n9,b1,False,5,-11.34,24.05,-106.14,-26.14,112.34,192.34
bn160625945,GRB160625945,453.38,0.00064256,True,n6,n9|n6|n7|nb,b1,True,57,183.41,229.49,91.24,171.24,229.59,309.59
bn160910722,GRB160910722,24.32,7.966e-05,True,n5,n5|n1|n2,b0,False,19,-1.61,24.82,-90.01,-10.01,69.85,149.85
bn170114833,GRB170114833,29.18,1.3898e-05,False,nb,nb|n9|na,b1,False,4,0.24,17.14,-103.06,-23.06,70.36,150.36
bn170114917,GRB170114917,12.03,1.8164e-05,False,n1,n2|n1,b0,False,9,-0.27,11.32,-94.36,-14.36,45.27,125.27
bn170921168,GRB170921168,39.36,6.564e-05,True,n2,n2,b0,False,12,-0.01,34.04,-90.26,-10.26,82.9,162.9
bn171013350,GRB171013350,39.42,1.559e-05,False,n0,n1|n2|n5|n0,b0,False,4,-3.15,34.55,-98.2,-18.2,94.42,174.42
bn171210493,GRB171210493,143.11,8.0764e-05,True,n0,n1|n0|n2|n9,b0|b1,False,11,-0.14,97.01,-99.86,-19.86,114.14,194.14
bn180426549,GRB180426549,16.19,1.0632e-05,False,nb,nb,b1,False,4,-0.21,9.84,-8.5,-1.5,10.5,24.0
bn180427442,GRB180427442,25.92,5.0455e-05,False,n4,n4,b0,False,12,-0.14,41.01,-90.01,-10.01,53.72,133.72
bn180703876,GRB180703876,20.74,1.6251e-05,True,n6,n7|n6|n8,b1,True,7,0.5,23.54,-91.29,-11.29,52.95,132.95
bn180720213,GRB180720213,8.9,2.4585e-05,False,n3,n5|n3|n4,b0,False,12,-0.52,14.58,-90.52,-10.52,31.96,111.96
bn180723757,GRB180723757,19.71,4.3311e-05,False,n8,n8,b1,False,13,-0.01,32.82,-90.01,-10.01,41.94,121.94
bn180724807,GRB180724807,58.11,2.7823e-05,False,na,nb|na,b1,False,7,-0.27,41.72,-101.78,-21.78,133.59,213.59
bn180728728,GRB180728728,6.4,5.5911e-05,False,n3,n6|n7|n3,b1|b0,False,26,9.46,25.59,-81.05,-1.05,32.47,112.47
bn181212693,GRB181212693,57.6,2.027e-05,False,n2,n2|n5,b0,False,15,-0.27,13.04,-90.78,-10.78,94.68,174.68
bn190222537,GRB190222537,13.31,1.5106e-05,False,n8,nb|n8,b1,False,4,-0.27,11.76,-94.62,-14.62,43.99,123.99
bn190401139,GRB190401139,42.75,1.6671e-05,False,n6,n7|n6|n3|n8,b1|b0,False,8,-0.14,26.87,-100.25,-20.25,100.31,180.31
bn190726642,GRB190726642,307.97,1.5761e-05,False,n9,na|n9,b1,False,7,2.42,18.61,-101.14,-21.14,112.86,192.86
bn191017391,GRB191017391,67.84,2.0525e-05,False,n5,n5,b0,False,4,-0.08,28.72,-126.36,-46.36,167.38,247.38
bn191125206,GRB191125206,77.31,4.9669e-05,False,n5,n5|n3|n1,b0,False,7,-0.14,34.87,-116.38,-36.38,181.98,261.98
bn191129141,GRB191129141,19.97,1.154e-05,False,n8,n8|nb,b1,False,9,-5.71,23.03,-92.82,-12.82,58.84,138.84
bn200227306,GRB200227306,24.32,1.1262e-05,False,n0,n0|n1|n6|n9,b0|b1,False,7,-0.14,23.8,-90.26,-10.26,65.24,145.24
bn200301320,GRB200301320,18.18,1.0224e-05,False,n0,n3|n0|n1,b0,False,7,-0.01,19.0,-90.78,-10.78,46.81,126.81
bn200524211,GRB200524211,37.76,1.3964e-05,True,n0,n0|n1|n3|n6,b0|b1,False,11,-0.65,27.44,-22.02,-19.48,94.17,174.17
bn200607921,GRB200607921,26.62,1.1548e-05,False,n6,n9|n6|n7,b1|b0,False,5,-0.27,23.6,-95.64,-15.64,67.03,147.03
bn200826923,GRB200826923,7.42,0.00013515,False,n5,n5|n2,b0,False,17,-0.01,12.66,-88.73,-8.73,30.42,110.42
bn201016019,GRB201016019,2.94,9.2778e-05,False,n5,n5|n4,b0,False,21,5.75,14.07,-84.89,-4.89,22.23,102.23
bn201104001,GRB201104001,52.48,1.3058e-05,True,n3,n7|n3|n8|n6|n4,b1|b0,True,6,-0.01,8.95,-122.26,-42.26,125.91,205.91
bn201105230,GRB201105230,17.15,4.3279e-05,False,n5,n5|n2,b0,False,9,-0.01,22.13,-91.03,-11.03,46.04,126.04
bn210410037,GRB210410037,48.13,3.1006e-05,True,n6,n7|n6|n8,b1,False,7,-0.01,30.71,-111.0,-31.0,107.48,187.48
bn210524208,GRB210524208,20.99,1.3622e-05,False,n9,n9|na,b1,False,17,-3.98,26.87,-90.52,-10.52,45.78,125.78
bn210714331,GRB210714331,42.37,3.6533e-05,False,na,nb|na,b1,False,15,-0.65,36.08,-90.52,-10.52,88.79,168.79
bn210723615,GRB210723615,42.75,1.4503e-05,False,n4,n4,b0,False,3,-0.27,24.05,-112.54,-32.54,103.64,183.64
bn210803497,GRB210803497,9.22,1.0593e-05,False,n2,n2|na,b0|b1,False,9,-0.14,13.3,-99.99,-19.99,41.43,121.43
bn210812699,GRB210812699,39.87,1.0985e-05,False,nb,nb,b1,False,1,-0.14,1.72,-106.65,-26.65,103.9,183.9
bn211116586,GRB211116586,19.97,1.1156e-05,False,n2,n2|n5,b0,False,6,-0.4,13.17,-91.8,-11.8,49.88,129.88
bn211207416,GRB211207416,120.32,2.0117e-05,False,nb,nb|n7|n8,b1,False,3,-4.04,24.69,-102.17,-22.17,111.83,191.83
bn220525008,GRB220525008,16.13,1.4894e-05,False,n3,n3|n5|n4,b0,False,7,-4.94,14.58,-98.46,-18.46,45.02,125.02
bn221201517,GRB221201517,28.93,1.8118e-05,False,n5,n5,b0,False,10,-0.4,26.23,-91.03,-11.03,67.8,147.8
bn221209243,GRB221209243,4.16,3.3656e-05,False,n2,n2,b0,False,11,0.88,5.36,-90.26,-10.26,39.64,119.64
bn230320884,GRB230320884,14.59,1.0425e-05,False,n2,n5|n2,b0,False,5,-0.27,14.07,-94.62,-14.62,43.48,123.48
bn230405832,GRB230405832,4.29,1.0735e-05,False,n8,n8|nb,b1,False,6,0.12,6.0,-98.2,-18.2,39.64,119.64
bn230409626,GRB230409626,20.22,3.902e-05,False,na,n2|n1|na|n9,b0|b1,False,6,-0.14,15.22,-90.01,-10.01,57.56,137.56
bn230614424,GRB230614424,6.08,2.0123e-05,False,na,na,b1,False,6,-0.01,7.16,-95.13,-15.13,46.55,126.55
bn230802285,GRB230802285,38.15,1.2848e-05,False,n2,n2|n5,b0,False,4,-2.32,26.16,-108.95,-28.95,100.06,180.06
bn230812790,GRB230812790,3.26,0.00027987,False,n0,n6|n3|n7|n0,b0|b1,False,27,-0.01,15.35,-90.78,-10.78,19.67,99.67
bn231020790,GRB231020790,9.34,3.7536e-05,False,n2,na|n2|n9,b1|b0,False,16,-0.14,19.51,-94.62,-14.62,54.49,107.71
bn231030832,GRB231030832,10.75,2.0996e-05,False,n3,n3|n4|n6,b0|b1,False,7,-0.01,10.55,-98.46,-18.46,46.04,126.04
bn240204630,GRB240204630,15.87,1.5915e-05,False,na,na|nb,b1,False,8,6.52,20.6,-89.75,-9.75,49.11,129.11
bn240403498,GRB240403498,35.59,3.642e-05,False,n0,n1|n5|n2|n0,b0,False,15,22.26,44.6,-86.94,-6.94,95.7,175.7
bn240710643,GRB240710643,8.45,1.0126e-05,False,n7,n8|nb|n7,b1,False,8,-0.01,11.51,-99.74,-19.74,47.83,127.83
bn241117845,GRB241117845,64.26,1.578e-05,False,n3,n8|n7|n3|n4|n6,b1|b0,False,2,1.14,45.68,-110.23,-30.23,167.38,247.38
bn241223506,GRB241223506,30.46,6.2659e-05,False,n2,n2|n1,b0,False,12,19.57,42.1,-80.28,-0.28,69.59,149.59
bn250313607,GRB250313607,298.25,8.7791e-05,False,n0,n0|n6|n3|n1|n7|n9,b0|b1,False,19,-0.14,23.16,-101.66,-21.66,112.34,192.34
bn250407659,GRB250407659,6.27,4.5797e-05,False,n4,n4,b0,False,8,0.63,8.95,-91.8,-11.8,41.18,121.18
bn250702413,GRB250702413,52.74,3.6011e-05,False,n6,n7|n6|n8|nb,b1,False,9,0.12,53.81,-89.5,-9.5,118.23,198.23
bn250814432,GRB250814432,15.1,0.00059006,False,n2,n2|n5,b0,False,3,-1.68,7.41,-99.48,-19.48,48.09,128.09
bn250902062,GRB250902062,8.45,2.8585e-05,False,n5,n5|n1,b0,False,9,-0.01,14.13,-90.78,-10.78,41.43,121.43
bn251016999,GRB251016999,7.1,2.2534e-05,False,n3,n3|n6|n7|n4,b0|b1,False,10,-0.01,13.3,-90.52,-10.52,31.19,111.19
bn260105973,GRB260105973,11.32,1.9256e-05,False,n2,n1|n2|n5,b0,False,4,-0.14,5.75,-97.43,-17.43,45.02,125.02
